{"feat_cols": ["HR_t-4", "SysABP_t-4", "DiasABP_t-4", "MAP_t-4", "Urine_t-4", "HR_t-3", "SysABP_t-3", "DiasABP_t-3", "MAP_t-3", "Urine_t-3", "HR_t-2", "SysABP_t-2", "DiasABP_t-2", "MAP_t-2", "Urine_t-2", "HR_t-1", "SysABP_t-1", "DiasABP_t-1", "MAP_t-1", "Urine_t-1", "HR_t-0", "SysABP_t-0", "DiasABP_t-0", "MAP_t-0", "Urine_t-0"], "target_cols": {"t+1": ["HR_t+1", "SysABP_t+1", "DiasABP_t+1", "MAP_t+1", "Urine_t+1"], "t+2": ["HR_t+2", "SysABP_t+2", "DiasABP_t+2", "MAP_t+2", "Urine_t+2"], "t+3": ["HR_t+3", "SysABP_t+3", "DiasABP_t+3", "MAP_t+3", "Urine_t+3"]}}